depth,lithotype_code,kaolinite,hydromica,feldspar,quartz,porosity,clay_share_solid,q_over_qf,porosity_tag,class_key,class_name
1636.1800,2,0.329143,0.286331,0.091234,0.125170,0.168121,0.739861,0.578408,пористый,seal_mixed_clay,каолинит-гидрослюдистая тяжелая глина
1636.3800,2,0.004067,0.577648,0.072490,0.100462,0.245333,0.770824,0.580865,высокопористый,seal_hydromica_clay,гидрослюдистая тяжелая глина
1636.5800,2,0.000000,0.646475,0.045604,0.080361,0.227561,0.836927,0.637964,высокопористый,seal_hydromica_clay,гидрослюдистая тяжелая глина
1636.7800,2,0.065916,0.662385,0.018767,0.051053,0.201879,0.912519,0.731209,высокопористый,seal_hydromica_clay,гидрослюдистая тяжелая глина
1636.9800,2,0.197431,0.560211,0.027828,0.033196,0.181333,0.925459,0.543987,высокопористый,seal_hydromica_clay,гидрослюдистая тяжелая глина
1637.1800,2,0.107537,0.596708,0.052697,0.030634,0.212424,0.894193,0.367619,высокопористый,seal_hydromica_clay,гидрослюдистая тяжелая глина
1637.3800,2,0.036823,0.659831,0.056592,0.017905,0.228848,0.903395,0.240343,высокопористый,seal_hydromica_clay,гидрослюдистая тяжелая глина
1637.5800,2,0.048998,0.584677,0.064209,0.069934,0.232182,0.825293,0.521338,высокопористый,seal_hydromica_clay,гидрослюдистая тяжелая глина
1637.7800,2,0.101801,0.414441,0.080256,0.174169,0.229333,0.669864,0.684560,высокопористый,seal_hydromica_argillite,гидрослюдистая легкая глина
1637.9800,2,0.197897,0.281637,0.086677,0.219669,0.214121,0.610188,0.717063,высокопористый,seal_mixed_argillite,каолинит-гидрослюдистая легкая глина
1638.1800,2,0.274718,0.184415,0.086383,0.250847,0.203636,0.576537,0.743845,высокопористый,seal_mixed_argillite,каолинит-гидрослюдистая легкая глина
1638.3800,2,0.241945,0.204835,0.084369,0.266427,0.202424,0.560171,0.759492,высокопористый,seal_mixed_argillite,каолинит-гидрослюдистая легкая глина
1638.5800,2,0.228238,0.238296,0.082572,0.263197,0.187697,0.574335,0.761194,высокопористый,seal_mixed_argillite,каолинит-гидрослюдистая легкая глина
1638.7800,2,0.242280,0.261613,0.081267,0.237144,0.177697,0.612782,0.744774,пористый,seal_mixed_argillite,каолинит-гидрослюдистая легкая глина
1638.9800,2,0.336771,0.189828,0.077669,0.223611,0.172121,0.636082,0.742204,пористый,seal_mixed_argillite,каолинит-гидрослюдистая легкая глина
1639.1800,2,0.366892,0.167764,0.065998,0.225466,0.173879,0.647189,0.773564,пористый,seal_kaolinite_argillite,каолинитовая легкая глина
1639.3800,2,0.301559,0.223226,0.055217,0.234847,0.185152,0.644028,0.809639,высокопористый,seal_mixed_argillite,каолинит-гидрослюдистая легкая глина
1639.5800,2,0.288289,0.242569,0.071073,0.220069,0.178000,0.645813,0.755882,пористый,seal_mixed_argillite,каолинит-гидрослюдистая легкая глина
1639.7800,2,0.254901,0.288089,0.104908,0.173133,0.178970,0.661352,0.622688,пористый,seal_mixed_argillite,каолинит-гидрослюдистая легкая глина
1639.9800,2,0.090142,0.407110,0.100124,0.177654,0.224970,0.641590,0.639553,высокопористый,seal_hydromica_argillite,гидрослюдистая легкая глина
1640.1800,2,0.039197,0.408567,0.087183,0.216509,0.248545,0.595862,0.712924,высокопористый,seal_hydromica_argillite,гидрослюдистая легкая глина
1640.3800,2,0.166716,0.291289,0.092092,0.226691,0.223212,0.589614,0.711114,высокопористый,seal_mixed_argillite,каолинит-гидрослюдистая легкая глина
1640.5800,2,0.277271,0.188640,0.089409,0.240134,0.204545,0.585717,0.728687,высокопористый,seal_mixed_argillite,каолинит-гидрослюдистая легкая глина
1640.7800,2,0.316364,0.149730,0.072746,0.255766,0.205394,0.586573,0.778559,высокопористый,seal_kaolinite_argillite,каолинитовая легкая глина
1640.9800,2,0.257778,0.157225,0.074217,0.290295,0.220485,0.532386,0.796394,высокопористый,seal_mixed_argillite,каолинит-гидрослюдистая легкая глина
1641.1800,2,0.216877,0.113587,0.090067,0.349470,0.230000,0.429173,0.795087,высокопористый,seal_kaolinite_argillite,каолинитовая легкая глина
1641.3800,2,0.245109,0.059640,0.097972,0.374066,0.223212,0.392320,0.792448,высокопористый,seal_kaolinite_argillite,каолинитовая легкая глина
1641.5800,2,0.312226,0.029314,0.097959,0.352925,0.207576,0.431007,0.782740,высокопористый,seal_kaolinite_argillite,каолинитовая легкая глина
1641.7800,2,0.313940,0.078924,0.089623,0.315210,0.202303,0.492497,0.778618,высокопористый,seal_kaolinite_argillite,каолинитовая легкая глина
1641.9800,2,0.170588,0.263675,0.082467,0.264301,0.218970,0.556012,0.762183,высокопористый,seal_mixed_argillite,каолинит-гидрослюдистая легкая глина
1642.1800,2,0.039202,0.466592,0.080111,0.188459,0.225636,0.653174,0.701713,высокопористый,seal_hydromica_argillite,гидрослюдистая легкая глина
1642.3800,2,0.191889,0.359305,0.092086,0.174356,0.182364,0.674132,0.654387,высокопористый,seal_hydromica_clay,гидрослюдистая тяжелая глина
1642.5800,2,0.340680,0.262715,0.089394,0.162301,0.144909,0.705651,0.644832,пористый,seal_mixed_clay,каолинит-гидрослюдистая тяжелая глина
1642.7800,2,0.304016,0.335672,0.067617,0.141180,0.151515,0.753918,0.676161,пористый,seal_mixed_clay,каолинит-гидрослюдистая тяжелая глина
1642.9800,2,0.183106,0.480844,0.048889,0.111767,0.175394,0.805173,0.695693,пористый,seal_hydromica_clay,гидрослюдистая тяжелая глина
1643.1800,2,0.153338,0.588394,0.033417,0.081699,0.143152,0.865652,0.709712,пористый,seal_hydromica_clay,гидрослюдистая тяжелая глина
1643.3800,2,0.187546,0.643324,0.027535,0.082322,0.059273,0.883221,0.749356,плотный,seal_hydromica_clay,гидрослюдистая тяжелая глина
1643.5800,2,0.088397,0.655517,0.042216,0.191204,0.022667,0.761166,0.819142,плотный,seal_hydromica_clay,гидрослюдистая тяжелая глина
1643.7800,2,0.067434,0.481821,0.084093,0.359259,0.007394,0.553346,0.810325,плотный,seal_hydromica_argillite,гидрослюдистая легкая глина
1643.9800,2,0.030409,0.429067,0.077102,0.452817,0.010606,0.464401,0.854502,плотный,seal_hydromica_argillite,гидрослюдистая легкая глина
1644.1800,2,0.006927,0.390185,0.042594,0.536718,0.023576,0.406700,0.926475,плотный,seal_hydromica_argillite,гидрослюдистая легкая глина
1644.3800,2,0.000000,0.458676,0.017800,0.446946,0.076579,0.496713,0.961700,плотный,seal_hydromica_argillite,гидрослюдистая легкая глина
1644.5800,2,0.000000,0.527062,0.010272,0.324504,0.138162,0.611556,0.969316,пористый,seal_hydromica_argillite,гидрослюдистая легкая глина
1644.7800,2,0.000000,0.504617,0.020009,0.290808,0.184566,0.618832,0.935624,высокопористый,seal_hydromica_argillite,гидрослюдистая легкая глина
1644.9800,2,0.000000,0.428609,0.040467,0.299428,0.231496,0.557718,0.880942,высокопористый,seal_hydromica_argillite,гидрослюдистая легкая глина
1645.1800,2,0.021780,0.300600,0.078050,0.346843,0.252727,0.431409,0.816308,высокопористый,seal_hydromica_argillite,гидрослюдистая легкая глина
1645.3800,2,0.139737,0.205372,0.084949,0.356608,0.213333,0.438699,0.807616,высокопористый,seal_mixed_argillite,каолинит-гидрослюдистая легкая глина
1645.5800,2,0.122982,0.174816,0.107138,0.385488,0.209576,0.376758,0.782517,высокопористый,seal_mixed_argillite,каолинит-гидрослюдистая легкая глина
1645.7800,2,0.111811,0.064694,0.157507,0.437261,0.228727,0.228848,0.735179,высокопористый,seal_silty_argillite,песчанистая легкая глина
1645.9800,2,0.020532,0.199209,0.139193,0.382521,0.258545,0.296365,0.733201,высокопористый,seal_silty_argillite,песчанистая легкая глина
1646.1800,2,0.000000,0.387170,0.085825,0.269681,0.257323,0.521317,0.758583,высокопористый,seal_hydromica_argillite,гидрослюдистая легкая глина
1646.3800,2,0.000000,0.494276,0.063075,0.199917,0.242732,0.652709,0.760163,высокопористый,seal_hydromica_argillite,гидрослюдистая легкая глина
1646.5800,2,0.000000,0.598948,0.044967,0.123760,0.232325,0.780210,0.733493,высокопористый,seal_hydromica_clay,гидрослюдистая тяжелая глина
1646.7800,2,0.000000,0.595602,0.060425,0.108995,0.234978,0.778542,0.643343,высокопористый,seal_hydromica_clay,гидрослюдистая тяжелая глина
1646.9800,2,0.000000,0.554678,0.094267,0.110449,0.240605,0.730422,0.539523,высокопористый,seal_hydromica_clay,гидрослюдистая тяжелая глина
1647.1800,2,0.000000,0.582457,0.089375,0.091402,0.236766,0.763144,0.505608,высокопористый,seal_hydromica_clay,гидрослюдистая тяжелая глина
1647.3800,2,0.000000,0.508860,0.103834,0.145174,0.242132,0.671437,0.583008,высокопористый,seal_hydromica_clay,гидрослюдистая тяжелая глина
1647.5800,2,0.000000,0.311262,0.150218,0.273192,0.265329,0.423675,0.645219,высокопористый,seal_hydromica_argillite,гидрослюдистая легкая глина
1647.7800,2,0.000000,0.309808,0.140888,0.287460,0.261845,0.419705,0.671091,высокопористый,seal_hydromica_argillite,гидрослюдистая легкая глина
1647.9800,2,0.000000,0.377574,0.112902,0.264740,0.244784,0.499955,0.701034,высокопористый,seal_hydromica_argillite,гидрослюдистая легкая глина
1648.1800,2,0.032148,0.307473,0.126369,0.311040,0.222970,0.437077,0.711097,высокопористый,seal_hydromica_argillite,гидрослюдистая легкая глина
1648.3800,2,0.005641,0.381722,0.128628,0.275766,0.208242,0.489245,0.681925,высокопористый,seal_hydromica_argillite,гидрослюдистая легкая глина
1648.5800,2,0.000000,0.563133,0.096279,0.136697,0.203891,0.707357,0.586743,высокопористый,seal_hydromica_clay,гидрослюдистая тяжелая глина
1648.7800,2,0.000000,0.525958,0.102481,0.151925,0.219636,0.673991,0.597175,высокопористый,seal_hydromica_clay,гидрослюдистая тяжелая глина
1648.9800,2,0.000000,0.382335,0.122602,0.250999,0.244064,0.505777,0.671837,высокопористый,seal_hydromica_argillite,гидрослюдистая легкая глина
1649.1800,2,0.045351,0.284088,0.143337,0.298132,0.229091,0.427339,0.675318,высокопористый,seal_hydromica_argillite,гидрослюдистая легкая глина
1649.3800,2,0.091297,0.195418,0.144163,0.356699,0.212424,0.364047,0.712171,высокопористый,seal_hydromica_argillite,гидрослюдистая легкая глина
1649.5800,2,0.039709,0.142282,0.132645,0.451425,0.233939,0.237567,0.772895,высокопористый,seal_silty_argillite,песчанистая легкая глина
1649.7800,2,0.000000,0.193042,0.121514,0.427987,0.257458,0.259974,0.778866,высокопористый,seal_silty_argillite,песчанистая легкая глина
1649.9800,2,0.000000,0.169530,0.137064,0.421842,0.271564,0.232731,0.754763,высокопористый,seal_silty_argillite,песчанистая легкая глина
1650.1800,2,0.093133,0.020833,0.162341,0.473755,0.249939,0.151942,0.744786,высокопористый,seal_silty_argillite,песчанистая легкая глина
1650.3800,2,0.000000,0.221984,0.138428,0.391633,0.247955,0.295173,0.738845,высокопористый,seal_silty_argillite,песчанистая легкая глина
1650.5800,2,0.000000,0.460880,0.092831,0.215587,0.230702,0.599092,0.699010,высокопористый,seal_hydromica_argillite,гидрослюдистая легкая глина
1650.7800,1,0.023433,0.048571,0.236461,0.436151,0.255385,0.096698,0.648443,высокопористый,sand_arkose_arenite,высокопористый аркозовый аренит
1650.9800,1,0.047997,0.061780,0.207699,0.463347,0.219177,0.140591,0.690485,высокопористый,sand_arkose_arenite,высокопористый аркозовый аренит
1651.1800,1,0.065861,0.067358,0.198745,0.491982,0.176054,0.161684,0.712267,пористый,sand_arkose_wacke,пористый аркозовый песчаник
1651.3800,1,0.081172,0.060619,0.217203,0.508734,0.132272,0.163405,0.700796,пористый,sand_arkose_wacke,пористый аркозовый песчаник
1651.5800,1,0.059617,0.050193,0.247258,0.506135,0.136797,0.127213,0.671807,пористый,sand_arkose_arenite,пористый аркозовый аренит
1651.7800,1,0.004313,0.042414,0.261398,0.485091,0.206784,0.058909,0.649830,высокопористый,sand_arkose_arenite,высокопористый аркозовый аренит
1651.9800,1,0.004098,0.025895,0.276415,0.454579,0.239013,0.039413,0.621864,высокопористый,sand_arkose_arenite,высокопористый аркозовый аренит
1652.1800,1,0.028562,0.016364,0.282770,0.431631,0.240672,0.059166,0.604186,высокопористый,sand_arkose_arenite,высокопористый аркозовый аренит
1652.3800,1,0.033588,0.024732,0.264124,0.432599,0.244957,0.077241,0.620905,высокопористый,sand_arkose_arenite,высокопористый аркозовый аренит
1652.5800,1,0.023484,0.044940,0.225281,0.448479,0.257815,0.092193,0.665637,высокопористый,sand_arkose_arenite,высокопористый аркозовый аренит
1652.7800,1,0.004522,0.051071,0.223224,0.450343,0.270840,0.076243,0.668594,высокопористый,sand_arkose_arenite,высокопористый аркозовый аренит
1652.9800,1,0.000000,0.049658,0.237211,0.435926,0.277205,0.068702,0.647603,высокопористый,sand_arkose_arenite,высокопористый аркозовый аренит
1653.1800,1,0.000014,0.050624,0.237205,0.436793,0.275364,0.069881,0.648062,высокопористый,sand_arkose_arenite,высокопористый аркозовый аренит
1653.3800,1,0.005418,0.041567,0.261452,0.419548,0.272015,0.064541,0.616077,высокопористый,sand_arkose_arenite,высокопористый аркозовый аренит
1653.5800,1,0.000000,0.025670,0.310609,0.387835,0.275886,0.035451,0.555284,высокопористый,sand_arkose_arenite,высокопористый аркозовый аренит
1653.7800,1,0.000392,0.018689,0.323338,0.386493,0.271088,0.026177,0.544486,высокопористый,sand_arkose_arenite,высокопористый аркозовый аренит
1653.9800,1,0.004962,0.014052,0.317388,0.394129,0.269469,0.026028,0.553927,высокопористый,sand_arkose_arenite,высокопористый аркозовый аренит
1654.1800,1,0.034949,0.010217,0.320858,0.396874,0.237101,0.059204,0.552956,высокопористый,sand_arkose_arenite,высокопористый аркозовый аренит
1654.3800,1,0.058459,0.007156,0.313659,0.412440,0.208286,0.082877,0.568021,высокопористый,sand_arkose_arenite,высокопористый аркозовый аренит
1654.5800,1,0.030708,0.006510,0.296623,0.427964,0.238194,0.048856,0.590631,высокопористый,sand_arkose_arenite,высокопористый аркозовый аренит
1654.7800,1,0.033072,0.015075,0.260887,0.433689,0.257276,0.064825,0.624394,высокопористый,sand_arkose_arenite,высокопористый аркозовый аренит
1654.9800,1,0.047067,0.032738,0.206499,0.457563,0.256133,0.107284,0.689037,высокопористый,sand_arkose_arenite,высокопористый аркозовый аренит
1655.1800,1,0.037816,0.040294,0.189717,0.476341,0.255832,0.104963,0.715165,высокопористый,sand_arkose_arenite,высокопористый аркозовый аренит
1655.3800,1,0.031710,0.037993,0.203033,0.471846,0.255418,0.093614,0.699156,высокопористый,sand_arkose_arenite,высокопористый аркозовый аренит
1655.5800,1,0.012519,0.034714,0.230182,0.457871,0.264713,0.064238,0.665459,высокопористый,sand_arkose_arenite,высокопористый аркозовый аренит
1655.7800,1,0.000000,0.028272,0.242311,0.458337,0.271081,0.038786,0.654162,высокопористый,sand_arkose_arenite,высокопористый аркозовый аренит
1655.9800,1,0.003838,0.012980,0.258013,0.469448,0.255720,0.022597,0.645324,высокопористый,sand_arkose_arenite,высокопористый аркозовый аренит
1656.1800,1,0.019082,0.006389,0.258897,0.468958,0.246673,0.033812,0.644301,высокопористый,sand_arkose_arenite,высокопористый аркозовый аренит
1656.3800,1,0.000006,0.011939,0.262334,0.455325,0.270397,0.016371,0.634458,высокопористый,sand_arkose_arenite,высокопористый аркозовый аренит
1656.5800,1,0.024816,0.016630,0.277230,0.425669,0.255655,0.055682,0.605591,высокопористый,sand_arkose_arenite,высокопористый аркозовый аренит
1656.7800,1,0.027698,0.018203,0.256190,0.399390,0.298519,0.065435,0.609217,высокопористый,sand_arkose_arenite,высокопористый аркозовый аренит
1656.9800,1,0.000000,0.021708,0.211486,0.373660,0.393146,0.035771,0.638576,высокопористый,sand_arkose_arenite,высокопористый аркозовый аренит
1657.1800,1,0.074748,0.010458,0.200841,0.375445,0.338507,0.128809,0.651491,высокопористый,sand_arkose_arenite,высокопористый аркозовый аренит
1657.3800,1,0.171834,0.010676,0.217808,0.384074,0.215609,0.232677,0.638122,высокопористый,sand_arkose_wacke,высокопористый аркозовый песчаник
1657.5800,1,0.177004,0.033723,0.246202,0.373133,0.169938,0.253869,0.602473,пористый,sand_arkose_wacke,пористый аркозовый песчаник
1657.7800,1,0.134267,0.040014,0.258812,0.372300,0.194607,0.216393,0.589911,высокопористый,sand_arkose_wacke,высокопористый аркозовый песчаник
1657.9800,1,0.082031,0.037151,0.269057,0.381112,0.230650,0.154912,0.586174,высокопористый,sand_arkose_wacke,высокопористый аркозовый песчаник
1658.1800,1,0.029008,0.041405,0.275960,0.385377,0.268250,0.096226,0.582724,высокопористый,sand_arkose_arenite,высокопористый аркозовый аренит
1658.3800,1,0.000697,0.037412,0.257622,0.414516,0.289753,0.053656,0.616712,высокопористый,sand_arkose_arenite,высокопористый аркозовый аренит
1658.5800,1,0.000000,0.025408,0.221783,0.457554,0.295256,0.036053,0.673531,высокопористый,sand_arkose_arenite,высокопористый аркозовый аренит
1658.7800,1,0.056931,0.014225,0.201631,0.488099,0.239114,0.093517,0.707666,высокопористый,sand_arkose_arenite,высокопористый аркозовый аренит
1658.9800,1,0.132376,0.004928,0.172947,0.512541,0.177209,0.166876,0.747703,пористый,sand_arkose_wacke,пористый аркозовый песчаник
1659.1800,1,0.161484,0.000441,0.161410,0.513493,0.163173,0.193499,0.760840,пористый,sand_subarkose_wacke,пористый субаркозовый песчаник
1659.3800,1,0.238758,0.000000,0.166810,0.492364,0.102068,0.265897,0.746941,пористый,sand_arkose_wacke,пористый аркозовый песчаник
1659.5800,1,0.260944,0.002782,0.186596,0.461301,0.088377,0.289293,0.711997,пористый,sand_arkose_wacke,пористый аркозовый песчаник
1659.7800,1,0.214064,0.012132,0.190745,0.463380,0.119679,0.256947,0.708397,пористый,sand_arkose_wacke,пористый аркозовый песчаник
1659.9800,1,0.178253,0.019811,0.186501,0.475566,0.139870,0.230271,0.718305,пористый,sand_arkose_wacke,пористый аркозовый песчаник
1660.1800,1,0.147638,0.020982,0.185801,0.482076,0.163502,0.201579,0.721804,пористый,sand_arkose_wacke,пористый аркозовый песчаник
1660.3800,2,0.110344,0.200136,0.072235,0.324194,0.293091,0.439208,0.817786,высокопористый,seal_mixed_argillite,каолинит-гидрослюдистая легкая глина
1660.5800,2,0.000000,0.363972,0.022172,0.226477,0.387380,0.594123,0.910832,высокопористый,seal_hydromica_argillite,гидрослюдистая легкая глина
1660.7800,2,0.000000,0.351940,0.031842,0.204103,0.412115,0.598655,0.865045,высокопористый,seal_hydromica_argillite,гидрослюдистая легкая глина
1660.9800,2,0.243363,0.215994,0.061504,0.185562,0.293576,0.650257,0.751062,высокопористый,seal_mixed_argillite,каолинит-гидрослюдистая легкая глина
1661.1800,2,0.257589,0.229469,0.063005,0.222483,0.227455,0.630459,0.779307,высокопористый,seal_mixed_argillite,каолинит-гидрослюдистая легкая глина
1661.3800,2,0.115286,0.270774,0.079412,0.293982,0.240545,0.508339,0.787324,высокопористый,seal_hydromica_argillite,гидрослюдистая легкая глина
1661.5800,2,0.066442,0.210283,0.123610,0.354392,0.245273,0.366656,0.741403,высокопористый,seal_hydromica_argillite,гидрослюдистая легкая глина
1661.7800,2,0.076014,0.204071,0.138259,0.358020,0.223636,0.360765,0.721409,высокопористый,seal_hydromica_argillite,гидрослюдистая легкая глина
1661.9800,2,0.132111,0.216229,0.141898,0.315641,0.194121,0.432249,0.689866,высокопористый,seal_mixed_argillite,каолинит-гидрослюдистая легкая глина
1662.1800,2,0.175251,0.197378,0.148427,0.296036,0.182909,0.456043,0.666054,высокопористый,seal_mixed_argillite,каолинит-гидрослюдистая легкая глина
1662.3800,2,0.137067,0.248841,0.125695,0.285973,0.202424,0.483851,0.694669,высокопористый,seal_mixed_argillite,каолинит-гидрослюдистая легкая глина
1662.5800,2,0.160752,0.303112,0.086192,0.243701,0.206242,0.584391,0.738727,высокопористый,seal_hydromica_argillite,гидрослюдистая легкая глина
1662.7800,2,0.212469,0.272693,0.082187,0.239317,0.193333,0.601441,0.744368,высокопористый,seal_mixed_argillite,каолинит-гидрослюдистая легкая глина
1662.9800,2,0.149486,0.267009,0.087346,0.294462,0.201697,0.521725,0.771231,высокопористый,seal_mixed_argillite,каолинит-гидрослюдистая легкая глина
1663.1800,2,0.103698,0.271948,0.087676,0.330435,0.206242,0.473251,0.790304,высокопористый,seal_hydromica_argillite,гидрослюдистая легкая глина
1663.3800,2,0.072179,0.322474,0.089398,0.313586,0.202364,0.494778,0.778161,высокопористый,seal_hydromica_argillite,гидрослюдистая легкая глина
1663.5800,2,0.014543,0.425216,0.089303,0.262453,0.208485,0.555592,0.746122,высокопористый,seal_hydromica_argillite,гидрослюдистая легкая глина
1663.7800,2,0.132077,0.368704,0.105592,0.216293,0.177333,0.608729,0.671957,пористый,seal_hydromica_argillite,гидрослюдистая легкая глина
1663.9800,2,0.306447,0.247586,0.133244,0.179935,0.132788,0.638867,0.574543,пористый,seal_mixed_argillite,каолинит-гидрослюдистая легкая глина
1664.1800,2,0.331375,0.222022,0.142870,0.173490,0.130242,0.636266,0.548394,пористый,seal_mixed_argillite,каолинит-гидрослюдистая легкая глина
1664.3800,2,0.370775,0.204645,0.132823,0.173273,0.118485,0.652762,0.566074,пористый,seal_mixed_argillite,каолинит-гидрослюдистая легкая глина
1664.5800,2,0.392512,0.201596,0.107096,0.186009,0.112788,0.669635,0.634616,пористый,seal_kaolinite_argillite,каолинитовая легкая глина
1664.7800,2,0.388826,0.208637,0.098851,0.193201,0.110485,0.671673,0.661529,пористый,seal_kaolinite_clay,каолинитовая тяжелая глина
1664.9800,2,0.363872,0.226141,0.096419,0.200174,0.113394,0.665474,0.674911,пористый,seal_mixed_argillite,каолинит-гидрослюдистая легкая глина
1665.1800,2,0.326474,0.242401,0.091301,0.212491,0.127333,0.651881,0.699463,пористый,seal_mixed_argillite,каолинит-гидрослюдистая легкая глина
1665.3800,2,0.302760,0.265715,0.100510,0.193258,0.137758,0.659298,0.657859,пористый,seal_mixed_argillite,каолинит-гидрослюдистая легкая глина
1665.5800,2,0.250242,0.310841,0.122548,0.169763,0.146606,0.657472,0.580762,пористый,seal_mixed_argillite,каолинит-гидрослюдистая легкая глина
1665.7800,2,0.217202,0.374613,0.116298,0.152554,0.139333,0.687623,0.567428,пористый,seal_mixed_clay,каолинит-гидрослюдистая тяжелая глина
1665.9800,2,0.228942,0.444872,0.094194,0.110113,0.121879,0.767336,0.538958,пористый,seal_hydromica_clay,гидрослюдистая тяжелая глина
1666.1800,2,0.304829,0.435802,0.089813,0.070404,0.099152,0.822148,0.439427,пористый,seal_mixed_clay,каолинит-гидрослюдистая тяжелая глина
1666.3800,2,0.247415,0.431492,0.090458,0.104939,0.125697,0.776512,0.537054,пористый,seal_mixed_clay,каолинит-гидрослюдистая тяжелая глина
1666.5800,2,0.122011,0.436171,0.093687,0.167829,0.180303,0.680961,0.641755,высокопористый,seal_hydromica_clay,гидрослюдистая тяжелая глина
1666.7800,2,0.030654,0.428098,0.084500,0.230748,0.226000,0.592703,0.731957,высокопористый,seal_hydromica_argillite,гидрослюдистая легкая глина
1666.9800,2,0.054410,0.348686,0.074898,0.296672,0.225333,0.520348,0.798427,высокопористый,seal_hydromica_argillite,гидрослюдистая легкая глина
1667.1800,2,0.092461,0.315060,0.074873,0.307182,0.210424,0.516126,0.804026,высокопористый,seal_hydromica_argillite,гидрослюдистая легкая глина
1667.3800,2,0.070835,0.316895,0.070347,0.330590,0.211333,0.491627,0.824543,высокопористый,seal_hydromica_argillite,гидрослюдистая легкая глина
1667.5800,2,0.119117,0.271266,0.063309,0.340490,0.205818,0.491554,0.843217,высокопористый,seal_hydromica_argillite,гидрослюдистая легкая глина
1667.7800,2,0.149577,0.234596,0.071390,0.332436,0.212000,0.487530,0.823215,высокопористый,seal_mixed_argillite,каолинит-гидрослюдистая легкая глина
1667.9800,2,0.101925,0.237027,0.086945,0.344588,0.229515,0.439921,0.798520,высокопористый,seal_hydromica_argillite,гидрослюдистая легкая глина
1668.1800,2,0.063839,0.249081,0.088495,0.359191,0.239394,0.411409,0.802329,высокопористый,seal_hydromica_argillite,гидрослюдистая легкая глина
1668.3800,2,0.015040,0.287625,0.091489,0.352088,0.253758,0.405586,0.793747,высокопористый,seal_hydromica_argillite,гидрослюдистая легкая глина
1668.5800,2,0.000000,0.318133,0.103194,0.325799,0.252875,0.425809,0.759451,высокопористый,seal_hydromica_argillite,гидрослюдистая легкая глина
1668.7800,2,0.033778,0.335440,0.098797,0.302289,0.229697,0.479315,0.753677,высокопористый,seal_hydromica_argillite,гидрослюдистая легкая глина
1668.9800,2,0.120237,0.357119,0.076500,0.261660,0.184485,0.585343,0.773776,высокопористый,seal_hydromica_argillite,гидрослюдистая легкая глина
1669.1800,2,0.183621,0.341472,0.070577,0.250452,0.153879,0.620587,0.780155,пористый,seal_hydromica_argillite,гидрослюдистая легкая глина
1669.3800,2,0.264093,0.317498,0.080007,0.215917,0.122485,0.662771,0.729636,пористый,seal_mixed_argillite,каолинит-гидрослюдистая легкая глина
1669.5800,2,0.290738,0.343844,0.091074,0.166040,0.108303,0.711657,0.645784,пористый,seal_mixed_clay,каолинит-гидрослюдистая тяжелая глина
1669.7800,2,0.291599,0.317370,0.101267,0.172856,0.116909,0.689588,0.630579,пористый,seal_mixed_clay,каолинит-гидрослюдистая тяжелая глина
1669.9800,2,0.285255,0.252988,0.115442,0.215345,0.130970,0.619360,0.651008,пористый,seal_mixed_argillite,каолинит-гидрослюдистая легкая глина
1670.1800,2,0.218594,0.269404,0.112787,0.240004,0.159212,0.580405,0.680301,пористый,seal_mixed_argillite,каолинит-гидрослюдистая легкая глина
1670.3800,2,0.139939,0.300967,0.114355,0.260073,0.184667,0.540767,0.694587,высокопористый,seal_hydromica_argillite,гидрослюдистая легкая глина
1670.5800,2,0.120094,0.297857,0.123413,0.264515,0.194121,0.518627,0.681866,высокопористый,seal_hydromica_argillite,гидрослюдистая легкая глина
1670.7800,2,0.106434,0.284900,0.134701,0.262328,0.211636,0.496388,0.660727,высокопористый,seal_hydromica_argillite,гидрослюдистая легкая глина
1670.9800,2,0.141015,0.237487,0.155779,0.250083,0.215636,0.482559,0.616177,высокопористый,seal_mixed_argillite,каолинит-гидрослюдистая легкая глина
1671.1800,2,0.194694,0.204137,0.170267,0.226538,0.204364,0.501274,0.570906,высокопористый,seal_mixed_argillite,каолинит-гидрослюдистая легкая глина
1671.3800,2,0.124856,0.229880,0.145319,0.280976,0.218970,0.454189,0.659111,высокопористый,seal_mixed_argillite,каолинит-гидрослюдистая легкая глина
1671.5800,2,0.062633,0.237725,0.098612,0.368363,0.232667,0.391431,0.788828,высокопористый,seal_hydromica_argillite,гидрослюдистая легкая глина
1671.7800,2,0.031364,0.251881,0.085581,0.394083,0.237091,0.371270,0.821582,высокопористый,seal_hydromica_argillite,гидрослюдистая легкая глина
1671.9800,2,0.004214,0.274324,0.085181,0.395554,0.240727,0.366848,0.822812,высокопористый,seal_hydromica_argillite,гидрослюдистая легкая глина
1672.1800,2,0.049503,0.255125,0.084647,0.370179,0.240545,0.401114,0.813891,высокопористый,seal_hydromica_argillite,гидрослюдистая легкая глина
1672.3800,2,0.101616,0.202362,0.100701,0.356836,0.238485,0.399175,0.779907,высокопористый,seal_hydromica_argillite,гидрослюдистая легкая глина
1672.5800,2,0.218842,0.092565,0.136444,0.347846,0.204303,0.391363,0.718260,высокопористый,seal_kaolinite_argillite,каолинитовая легкая глина
1672.7800,2,0.309600,0.024036,0.151544,0.339971,0.174848,0.404334,0.691680,пористый,seal_kaolinite_argillite,каолинитовая легкая глина
1672.9800,2,0.312292,0.012656,0.152854,0.349107,0.173091,0.392967,0.695487,пористый,seal_kaolinite_argillite,каолинитовая легкая глина
1673.1800,2,0.239317,0.056350,0.149948,0.358990,0.195394,0.367469,0.705371,высокопористый,seal_kaolinite_argillite,каолинитовая легкая глина
1673.3800,2,0.199207,0.063838,0.137255,0.392669,0.207030,0.331722,0.740991,высокопористый,seal_kaolinite_argillite,каолинитовая легкая глина
1673.5800,2,0.300189,0.000000,0.119671,0.408892,0.171248,0.362218,0.773591,пористый,seal_kaolinite_argillite,каолинитовая легкая глина
1673.7800,2,0.342978,0.000000,0.115183,0.388941,0.152897,0.404884,0.771518,пористый,seal_kaolinite_argillite,каолинитовая легкая глина
1673.9800,2,0.270798,0.077827,0.110807,0.365234,0.175333,0.422747,0.767232,пористый,seal_kaolinite_argillite,каолинитовая легкая глина
1674.1800,2,0.160509,0.160725,0.099816,0.373677,0.205273,0.404207,0.789193,высокопористый,seal_mixed_argillite,каолинит-гидрослюдистая легкая глина
1674.3800,2,0.043016,0.223833,0.104168,0.379771,0.249212,0.355425,0.784749,высокопористый,seal_hydromica_argillite,гидрослюдистая легкая глина
1674.5800,2,0.025294,0.234258,0.126197,0.345706,0.268545,0.354844,0.732579,высокопористый,seal_hydromica_argillite,гидрослюдистая легкая глина
1674.7800,2,0.101226,0.162586,0.141209,0.347221,0.247758,0.350700,0.710892,высокопористый,seal_mixed_argillite,каолинит-гидрослюдистая легкая глина
1674.9800,2,0.111588,0.106875,0.150392,0.387024,0.244121,0.289019,0.720157,высокопористый,seal_silty_argillite,песчанистая легкая глина
1675.1800,2,0.100780,0.068640,0.140120,0.439976,0.250485,0.226039,0.758454,высокопористый,seal_silty_argillite,песчанистая легкая глина
1675.3800,2,0.101600,0.000124,0.121530,0.526200,0.250545,0.135732,0.812375,высокопористый,seal_silty_argillite,песчанистая легкая глина
1675.5800,2,0.093379,0.026091,0.107956,0.536452,0.236121,0.156399,0.832472,высокопористый,seal_silty_argillite,песчанистая легкая глина
1675.7800,2,0.061094,0.120002,0.089164,0.495740,0.234000,0.236418,0.847559,высокопористый,seal_silty_argillite,песчанистая легкая глина
1675.9800,2,0.000000,0.205170,0.068852,0.476936,0.249042,0.273211,0.873848,высокопористый,seal_silty_argillite,песчанистая легкая глина
1676.1800,2,0.000000,0.219896,0.076799,0.479999,0.223305,0.283118,0.862070,высокопористый,seal_silty_argillite,песчанистая легкая глина
1676.3800,2,0.002558,0.171216,0.127369,0.542918,0.155939,0.205879,0.809978,пористый,seal_silty_argillite,песчанистая легкая глина
1676.5800,1,0.038985,0.008111,0.229579,0.637296,0.086030,0.051528,0.735165,пористый,sand_arkose_arenite,пористый аркозовый аренит
1676.7800,1,0.041274,0.010572,0.219323,0.677349,0.051482,0.054660,0.755404,плотный,sand_subarkose_arenite,плотный субаркозовый аренит
1676.9800,1,0.063598,0.007709,0.211339,0.690678,0.026677,0.073261,0.765704,плотный,sand_subarkose_arenite,плотный субаркозовый аренит
1677.1800,1,0.041534,0.012588,0.220210,0.657239,0.068428,0.058098,0.749033,плотный,sand_arkose_arenite,плотный аркозовый аренит
1677.3800,1,0.000000,0.024751,0.227298,0.571935,0.176016,0.030038,0.715605,пористый,sand_arkose_arenite,пористый аркозовый аренит
1677.5800,1,0.000000,0.026370,0.228536,0.489162,0.255932,0.035441,0.681571,высокопористый,sand_arkose_arenite,высокопористый аркозовый аренит
1677.7800,1,0.000000,0.019358,0.253227,0.449107,0.278309,0.026823,0.639450,высокопористый,sand_arkose_arenite,высокопористый аркозовый аренит
1677.9800,1,0.012213,0.014007,0.265093,0.424190,0.284497,0.036645,0.615407,высокопористый,sand_arkose_arenite,высокопористый аркозовый аренит
1678.1800,1,0.029553,0.014359,0.241472,0.431981,0.282636,0.061212,0.641442,высокопористый,sand_arkose_arenite,высокопористый аркозовый аренит
1678.3800,1,0.043000,0.019327,0.196855,0.468912,0.271907,0.085603,0.704319,высокопористый,sand_arkose_arenite,высокопористый аркозовый аренит
1678.5800,1,0.039920,0.020062,0.180450,0.495141,0.264427,0.081545,0.732900,высокопористый,sand_arkose_arenite,высокопористый аркозовый аренит
1678.7800,1,0.041609,0.016476,0.171721,0.518546,0.251647,0.077618,0.751225,высокопористый,sand_subarkose_arenite,высокопористый субаркозовый аренит
1678.9800,1,0.045764,0.014750,0.168578,0.527647,0.243261,0.079967,0.757869,высокопористый,sand_subarkose_arenite,высокопористый субаркозовый аренит
1679.1800,1,0.028692,0.017482,0.177196,0.530206,0.246423,0.061274,0.749511,высокопористый,sand_arkose_arenite,высокопористый аркозовый аренит
1679.3800,1,0.012954,0.019119,0.189169,0.511832,0.266927,0.043751,0.730145,высокопористый,sand_arkose_arenite,высокопористый аркозовый аренит
1679.5800,1,0.001239,0.024406,0.194829,0.492645,0.286880,0.035962,0.716601,высокопористый,sand_arkose_arenite,высокопористый аркозовый аренит
1679.7800,1,0.046117,0.026227,0.203671,0.490471,0.233514,0.094384,0.706586,высокопористый,sand_arkose_arenite,высокопористый аркозовый аренит
1679.9800,1,0.135330,0.017375,0.206327,0.492065,0.148903,0.179421,0.704569,пористый,sand_arkose_wacke,пористый аркозовый песчаник
1680.1800,1,0.172783,0.010443,0.207231,0.490915,0.118628,0.207887,0.703170,пористый,sand_arkose_wacke,пористый аркозовый песчаник
1680.3800,1,0.146750,0.010907,0.208168,0.501828,0.132347,0.181705,0.706804,пористый,sand_arkose_wacke,пористый аркозовый песчаник
1680.5800,2,0.150118,0.207500,0.119514,0.373959,0.148909,0.420188,0.757810,пористый,seal_mixed_argillite,каолинит-гидрослюдистая легкая глина
1680.7800,2,0.170587,0.133948,0.147507,0.396261,0.151697,0.358993,0.728731,пористый,seal_mixed_argillite,каолинит-гидрослюдистая легкая глина
1680.9800,2,0.171006,0.120796,0.155703,0.394132,0.158364,0.346707,0.716819,пористый,seal_mixed_argillite,каолинит-гидрослюдистая легкая глина
1681.1800,2,0.165121,0.108997,0.150232,0.407226,0.168424,0.329637,0.730505,пористый,seal_silty_argillite,песчанистая легкая глина
1681.3800,2,0.180852,0.072634,0.138356,0.437977,0.170182,0.305471,0.759938,пористый,seal_silty_argillite,песчанистая легкая глина
1681.5800,2,0.197013,0.039846,0.144989,0.449667,0.168485,0.284853,0.756181,пористый,seal_silty_argillite,песчанистая легкая глина
1681.7800,2,0.207681,0.005073,0.163706,0.457600,0.165939,0.255082,0.736513,пористый,seal_silty_argillite,песчанистая легкая глина
1681.9800,2,0.241112,0.000000,0.169038,0.453044,0.136806,0.279325,0.728270,пористый,seal_silty_argillite,песчанистая легкая глина
1682.1800,2,0.279158,0.025222,0.156746,0.413662,0.125212,0.347947,0.725203,пористый,seal_kaolinite_argillite,каолинитовая легкая глина
1682.3800,2,0.196379,0.306757,0.097665,0.260895,0.138303,0.583890,0.727619,пористый,seal_mixed_argillite,каолинит-гидрослюдистая легкая глина
1682.5800,2,0.126927,0.409035,0.075396,0.220156,0.168485,0.644561,0.744897,пористый,seal_hydromica_argillite,гидрослюдистая легкая глина
1682.7800,2,0.149839,0.391612,0.070992,0.230344,0.157212,0.642452,0.764408,пористый,seal_hydromica_argillite,гидрослюдистая легкая глина
1682.9800,2,0.212457,0.337021,0.075946,0.245364,0.129212,0.631012,0.763637,пористый,seal_mixed_argillite,каолинит-гидрослюдистая легкая глина
1683.1800,2,0.209647,0.375641,0.069112,0.220206,0.125394,0.669202,0.761122,пористый,seal_mixed_argillite,каолинит-гидрослюдистая легкая глина
1683.3800,2,0.161739,0.496954,0.048935,0.161947,0.130424,0.757488,0.767950,пористый,seal_hydromica_clay,гидрослюдистая тяжелая глина
1683.5800,2,0.169285,0.479116,0.058522,0.173380,0.119697,0.736565,0.747642,пористый,seal_hydromica_clay,гидрослюдистая тяжелая глина
1683.7800,2,0.218835,0.368486,0.088334,0.221496,0.102848,0.654651,0.714895,пористый,seal_mixed_argillite,каолинит-гидрослюдистая легкая глина
1683.9800,2,0.186290,0.363215,0.094682,0.225510,0.130303,0.631834,0.704296,пористый,seal_hydromica_argillite,гидрослюдистая легкая глина
1684.1800,2,0.070830,0.414456,0.084078,0.230515,0.200121,0.606699,0.732740,высокопористый,seal_hydromica_argillite,гидрослюдистая легкая глина
1684.3800,2,0.000000,0.432555,0.071351,0.239179,0.256914,0.582107,0.770228,высокопористый,seal_hydromica_argillite,гидрослюдистая легкая глина
1684.5800,2,0.000000,0.432598,0.057413,0.237239,0.272750,0.594841,0.805148,высокопористый,seal_hydromica_argillite,гидрослюдистая легкая глина
1684.7800,2,0.015122,0.425440,0.046630,0.269172,0.243636,0.582473,0.852343,высокопористый,seal_hydromica_argillite,гидрослюдистая легкая глина
1684.9800,2,0.145688,0.350005,0.047315,0.290265,0.166727,0.594875,0.859841,пористый,seal_hydromica_argillite,гидрослюдистая легкая глина
1685.1800,2,0.249544,0.298916,0.055505,0.280581,0.115455,0.620047,0.834850,пористый,seal_mixed_argillite,каолинит-гидрослюдистая легкая глина
1685.3800,2,0.263683,0.312231,0.061018,0.251915,0.111152,0.647934,0.805012,пористый,seal_mixed_argillite,каолинит-гидрослюдистая легкая глина
1685.5800,2,0.246669,0.335266,0.071708,0.231873,0.114485,0.657171,0.763793,пористый,seal_mixed_argillite,каолинит-гидрослюдистая легкая глина
1685.7800,2,0.216337,0.365080,0.089253,0.206057,0.123273,0.663168,0.697765,пористый,seal_mixed_argillite,каолинит-гидрослюдистая легкая глина
1685.9800,2,0.136647,0.423319,0.087855,0.189270,0.162909,0.668943,0.682976,пористый,seal_hydromica_argillite,гидрослюдистая легкая глина
1686.1800,2,0.152890,0.380586,0.095314,0.218604,0.152606,0.629550,0.696374,пористый,seal_hydromica_argillite,гидрослюдистая легкая глина
1686.3800,2,0.205291,0.270986,0.113683,0.275252,0.134788,0.550474,0.707707,пористый,seal_mixed_argillite,каолинит-гидрослюдистая легкая глина
1686.5800,2,0.228026,0.248169,0.108094,0.283287,0.132424,0.548879,0.723814,пористый,seal_mixed_argillite,каолинит-гидрослюдистая легкая глина
1686.7800,2,0.220965,0.280972,0.086886,0.274390,0.136788,0.581475,0.759503,пористый,seal_mixed_argillite,каолинит-гидрослюдистая легкая глина
1686.9800,2,0.226632,0.278984,0.079433,0.282830,0.132121,0.582587,0.780730,пористый,seal_mixed_argillite,каолинит-гидрослюдистая легкая глина
1687.1800,2,0.233029,0.308894,0.085829,0.243583,0.128667,0.621946,0.739449,пористый,seal_mixed_argillite,каолинит-гидрослюдистая легкая глина
1687.3800,2,0.239343,0.358325,0.104016,0.174134,0.124182,0.682411,0.626043,пористый,seal_mixed_clay,каолинит-гидрослюдистая тяжелая глина
1687.5800,2,0.289109,0.409155,0.096510,0.114196,0.091030,0.768193,0.541970,пористый,seal_mixed_clay,каолинит-гидрослюдистая тяжелая глина
1687.7800,2,0.237885,0.564072,0.062924,0.036635,0.098485,0.889565,0.367974,пористый,seal_hydromica_clay,гидрослюдистая тяжелая глина
1687.9800,2,0.126035,0.676058,0.048226,0.015680,0.134000,0.926206,0.245363,пористый,seal_hydromica_clay,гидрослюдистая тяжелая глина
1688.1800,2,0.101125,0.652285,0.049393,0.066349,0.130848,0.866834,0.573250,пористый,seal_hydromica_clay,гидрослюдистая тяжелая глина
1688.3800,2,0.147987,0.533148,0.056262,0.148785,0.113818,0.768618,0.725616,пористый,seal_hydromica_clay,гидрослюдистая тяжелая глина
1688.5800,2,0.163668,0.476429,0.060028,0.188057,0.111818,0.720682,0.758035,пористый,seal_hydromica_clay,гидрослюдистая тяжелая глина
1688.7800,2,0.215461,0.403255,0.065765,0.216308,0.099212,0.686860,0.766851,пористый,seal_hydromica_clay,гидрослюдистая тяжелая глина
1688.9800,2,0.247548,0.358914,0.066749,0.233577,0.093212,0.668802,0.777746,пористый,seal_mixed_argillite,каолинит-гидрослюдистая легкая глина
1689.1800,2,0.176677,0.451133,0.067527,0.183572,0.121091,0.714306,0.731073,пористый,seal_hydromica_clay,гидрослюдистая тяжелая глина
1689.3800,2,0.126217,0.588950,0.072483,0.079623,0.132727,0.824616,0.523473,пористый,seal_hydromica_clay,гидрослюдистая тяжелая глина
1689.5800,2,0.163276,0.577750,0.081575,0.057824,0.119576,0.841669,0.414807,пористый,seal_hydromica_clay,гидрослюдистая тяжелая глина
1689.7800,2,0.205684,0.519052,0.093864,0.079763,0.101636,0.806730,0.459393,пористый,seal_hydromica_clay,гидрослюдистая тяжелая глина
1689.9800,2,0.191758,0.518691,0.099833,0.085294,0.104424,0.793287,0.460732,пористый,seal_hydromica_clay,гидрослюдистая тяжелая глина
1690.1800,2,0.202538,0.497538,0.085583,0.104279,0.110061,0.786657,0.549236,пористый,seal_hydromica_clay,гидрослюдистая тяжелая глина
1690.3800,2,0.184335,0.489630,0.055049,0.150622,0.120364,0.766186,0.732343,пористый,seal_hydromica_clay,гидрослюдистая тяжелая глина
1690.5800,2,0.155574,0.503837,0.043822,0.175494,0.121273,0.750416,0.800188,пористый,seal_hydromica_clay,гидрослюдистая тяжелая глина
1690.7800,2,0.150561,0.502676,0.039801,0.187144,0.119818,0.742161,0.824623,пористый,seal_hydromica_clay,гидрослюдистая тяжелая глина
1690.9800,2,0.168620,0.487065,0.039056,0.188108,0.117152,0.742692,0.828073,пористый,seal_hydromica_clay,гидрослюдистая тяжелая глина
1691.1800,2,0.176621,0.486769,0.043141,0.176014,0.117455,0.751678,0.803147,пористый,seal_hydromica_clay,гидрослюдистая тяжелая глина
1691.3800,2,0.141087,0.530274,0.047631,0.145008,0.136000,0.777038,0.752746,пористый,seal_hydromica_clay,гидрослюдистая тяжелая глина
1691.5800,2,0.182430,0.466165,0.056633,0.175680,0.119091,0.736280,0.756221,пористый,seal_hydromica_clay,гидрослюдистая тяжелая глина
1691.7800,2,0.275122,0.316472,0.071595,0.249235,0.087576,0.648376,0.776844,пористый,seal_mixed_argillite,каолинит-гидрослюдистая легкая глина
1691.9800,2,0.267060,0.289432,0.068851,0.281687,0.092970,0.613532,0.803585,пористый,seal_mixed_argillite,каолинит-гидрослюдистая легкая глина
1692.1800,2,0.228320,0.335778,0.086229,0.252945,0.096727,0.624504,0.745767,пористый,seal_mixed_argillite,каолинит-гидрослюдистая легкая глина
1692.3800,2,0.190960,0.394379,0.124979,0.186167,0.103515,0.652927,0.598327,пористый,seal_hydromica_argillite,гидрослюдистая легкая глина
1692.5800,2,0.152066,0.464622,0.126968,0.145254,0.111091,0.693757,0.533585,пористый,seal_hydromica_clay,гидрослюдистая тяжелая глина
1692.7800,2,0.121004,0.551682,0.111798,0.100304,0.115212,0.760280,0.472905,пористый,seal_hydromica_clay,гидрослюдистая тяжелая глина
1692.9800,2,0.095575,0.587019,0.109465,0.087336,0.120606,0.776209,0.443778,пористый,seal_hydromica_clay,гидрослюдистая тяжелая глина
1693.1800,2,0.125555,0.563736,0.096495,0.096577,0.117636,0.781188,0.500212,пористый,seal_hydromica_clay,гидрослюдистая тяжелая глина
1693.3800,2,0.150629,0.549937,0.064975,0.113308,0.121152,0.797140,0.635552,пористый,seal_hydromica_clay,гидрослюдистая тяжелая глина
1693.5800,2,0.164296,0.494511,0.071633,0.152712,0.116848,0.745972,0.680703,пористый,seal_hydromica_clay,гидрослюдистая тяжелая глина
1693.7800,2,0.178303,0.393180,0.101503,0.218954,0.108061,0.640719,0.683256,пористый,seal_hydromica_argillite,гидрослюдистая легкая глина
1693.9800,2,0.177983,0.361553,0.112174,0.238896,0.109394,0.605808,0.680480,пористый,seal_hydromica_argillite,гидрослюдистая легкая глина
1694.1800,2,0.162135,0.388665,0.104845,0.231022,0.113333,0.621203,0.687839,пористый,seal_hydromica_argillite,гидрослюдистая легкая глина
1694.3800,2,0.144998,0.430722,0.091169,0.214384,0.118727,0.653282,0.701625,пористый,seal_hydromica_argillite,гидрослюдистая легкая глина
1694.5800,2,0.155413,0.458397,0.077884,0.185518,0.122788,0.699728,0.704314,пористый,seal_hydromica_clay,гидрослюдистая тяжелая глина
1694.7800,2,0.169078,0.503584,0.059587,0.147812,0.119939,0.764336,0.712694,пористый,seal_hydromica_clay,гидрослюдистая тяжелая глина
1694.9800,2,0.155522,0.530519,0.049573,0.139780,0.124606,0.783694,0.738200,пористый,seal_hydromica_clay,гидрослюдистая тяжелая глина
1695.1800,2,0.153505,0.513017,0.064906,0.130692,0.137879,0.773120,0.668165,пористый,seal_hydromica_clay,гидрослюдистая тяжелая глина
1695.3800,2,0.122990,0.502956,0.095214,0.120476,0.158364,0.743725,0.558560,пористый,seal_hydromica_clay,гидрослюдистая тяжелая глина
1695.5800,2,0.128330,0.477980,0.106971,0.130416,0.156303,0.718635,0.549383,пористый,seal_hydromica_clay,гидрослюдистая тяжелая глина
1695.7800,2,0.193189,0.410028,0.115564,0.151098,0.130121,0.693449,0.566629,пористый,seal_hydromica_clay,гидрослюдистая тяжелая глина
1695.9800,2,0.238920,0.374859,0.122104,0.153936,0.110182,0.689780,0.557659,пористый,seal_mixed_clay,каолинит-гидрослюдистая тяжелая глина
1696.1800,2,0.217734,0.388706,0.109787,0.167167,0.116606,0.686489,0.603591,пористый,seal_mixed_clay,каолинит-гидрослюдистая тяжелая глина
1696.3800,2,0.184222,0.430366,0.080338,0.185923,0.119152,0.697722,0.698274,пористый,seal_hydromica_clay,гидрослюдистая тяжелая глина
1696.5800,2,0.230691,0.345572,0.097016,0.232660,0.094061,0.636095,0.705722,пористый,seal_mixed_argillite,каолинит-гидрослюдистая легкая глина
1696.7800,2,0.244486,0.209860,0.138397,0.301984,0.105273,0.507804,0.685733,пористый,seal_mixed_argillite,каолинит-гидрослюдистая легкая глина
1696.9800,2,0.229003,0.180564,0.145647,0.321755,0.123030,0.467026,0.688391,пористый,seal_mixed_argillite,каолинит-гидрослюдистая легкая глина
1697.1800,2,0.252423,0.174028,0.159434,0.307753,0.106364,0.477208,0.658736,пористый,seal_mixed_argillite,каолинит-гидрослюдистая легкая глина
1697.3800,2,0.227671,0.200915,0.184119,0.271537,0.115758,0.484693,0.595925,пористый,seal_mixed_argillite,каолинит-гидрослюдистая легкая глина
1697.5800,2,0.220572,0.246272,0.170916,0.234907,0.127333,0.534963,0.578841,пористый,seal_mixed_argillite,каолинит-гидрослюдистая легкая глина
1697.7800,2,0.194933,0.340362,0.133409,0.198569,0.132727,0.617216,0.598139,пористый,seal_mixed_argillite,каолинит-гидрослюдистая легкая глина
1697.9800,2,0.146341,0.404296,0.120591,0.183560,0.145212,0.644180,0.603518,пористый,seal_hydromica_argillite,гидрослюдистая легкая глина
1698.1800,2,0.144754,0.368377,0.117575,0.218566,0.150727,0.604201,0.650220,пористый,seal_hydromica_argillite,гидрослюдистая легкая глина
1698.3800,2,0.165793,0.274999,0.114202,0.287976,0.157030,0.522904,0.716041,пористый,seal_mixed_argillite,каолинит-гидрослюдистая легкая глина
1698.5800,2,0.204777,0.227796,0.116170,0.307379,0.143879,0.505270,0.725723,пористый,seal_mixed_argillite,каолинит-гидрослюдистая легкая глина
1698.7800,2,0.251684,0.199449,0.121118,0.312355,0.115394,0.509982,0.720587,пористый,seal_mixed_argillite,каолинит-гидрослюдистая легкая глина
1698.9800,2,0.272673,0.167387,0.127173,0.325616,0.107152,0.492871,0.719134,пористый,seal_mixed_argillite,каолинит-гидрослюдистая легкая глина
1699.1800,2,0.222888,0.274468,0.108972,0.270641,0.123030,0.567130,0.712939,пористый,seal_mixed_argillite,каолинит-гидрослюдистая легкая глина
1699.3800,2,0.169281,0.469165,0.072526,0.166059,0.122970,0.727963,0.696016,пористый,seal_hydromica_clay,гидрослюдистая тяжелая глина
1699.5800,2,0.202065,0.476331,0.075594,0.131344,0.114667,0.766260,0.634702,пористый,seal_hydromica_clay,гидрослюдистая тяжелая глина
1699.7800,2,0.254114,0.415912,0.100173,0.131739,0.098061,0.742873,0.568056,пористый,seal_mixed_clay,каолинит-гидрослюдистая тяжелая глина
1699.9800,2,0.234462,0.412873,0.108132,0.142108,0.102424,0.721205,0.567887,пористый,seal_mixed_clay,каолинит-гидрослюдистая тяжелая глина
1700.1800,2,0.171610,0.470482,0.098535,0.136949,0.122424,0.731665,0.581563,пористый,seal_hydromica_clay,гидрослюдистая тяжелая глина
1700.3800,2,0.101300,0.540810,0.084998,0.119863,0.153030,0.758125,0.585094,пористый,seal_hydromica_clay,гидрослюдистая тяжелая глина
1700.5800,2,0.100249,0.585133,0.063266,0.090261,0.161091,0.816992,0.587914,пористый,seal_hydromica_clay,гидрослюдистая тяжелая глина
1700.7800,2,0.132298,0.642335,0.028656,0.049499,0.147212,0.908354,0.633343,пористый,seal_hydromica_clay,гидрослюдистая тяжелая глина
1700.9800,2,0.247453,0.609536,0.015793,0.026248,0.100970,0.953238,0.624340,пористый,seal_hydromica_clay,гидрослюдистая тяжелая глина
1701.1800,2,0.364592,0.504018,0.046671,0.030053,0.054667,0.918839,0.391708,плотный,seal_mixed_clay,каолинит-гидрослюдистая тяжелая глина
1701.3800,2,0.329611,0.463377,0.098686,0.048265,0.060061,0.843660,0.328443,плотный,seal_mixed_clay,каолинит-гидрослюдистая тяжелая глина
1701.5800,2,0.314417,0.372401,0.127319,0.130712,0.055152,0.726907,0.506576,плотный,seal_mixed_clay,каолинит-гидрослюдистая тяжелая глина
1701.7800,2,0.382401,0.155520,0.156957,0.257425,0.047697,0.564864,0.621227,плотный,seal_kaolinite_argillite,каолинитовая легкая глина
1701.9800,2,0.395963,0.100108,0.164535,0.274668,0.064727,0.530402,0.625379,плотный,seal_kaolinite_argillite,каолинитовая легкая глина
1702.1800,2,0.335381,0.118975,0.151026,0.301952,0.092667,0.500760,0.666593,пористый,seal_kaolinite_argillite,каолинитовая легкая глина
1702.3800,2,0.318659,0.086296,0.128295,0.352326,0.114424,0.457279,0.733064,пористый,seal_kaolinite_argillite,каолинитовая легкая глина
1702.5800,2,0.347645,0.069178,0.130369,0.327294,0.125515,0.476649,0.715142,пористый,seal_kaolinite_argillite,каолинитовая легкая глина
1702.7800,2,0.378430,0.083457,0.146629,0.274392,0.117091,0.523143,0.651729,пористый,seal_kaolinite_argillite,каолинитовая легкая глина
1702.9800,2,0.386194,0.073893,0.157056,0.270312,0.112545,0.518434,0.632505,пористый,seal_kaolinite_argillite,каолинитовая легкая глина
1703.1800,2,0.317919,0.179385,0.134872,0.237097,0.130727,0.572092,0.637410,пористый,seal_mixed_argillite,каолинит-гидрослюдистая легкая глина
1703.3800,2,0.307080,0.312733,0.098748,0.168409,0.113030,0.698798,0.630373,пористый,seal_mixed_clay,каолинит-гидрослюдистая тяжелая глина
1703.5800,2,0.311082,0.346182,0.082488,0.164552,0.095697,0.726818,0.666096,пористый,seal_mixed_clay,каолинит-гидрослюдистая тяжелая глина
1703.7800,2,0.237741,0.371264,0.066414,0.195975,0.128606,0.698887,0.746888,пористый,seal_mixed_clay,каолинит-гидрослюдистая тяжелая глина
1703.9800,2,0.186080,0.440243,0.058205,0.168139,0.147333,0.734546,0.742848,пористый,seal_hydromica_clay,гидрослюдистая тяжелая глина
1704.1800,2,0.131767,0.586424,0.044259,0.087368,0.150182,0.845112,0.663756,пористый,seal_hydromica_clay,гидрослюдистая тяжелая глина
1704.3800,2,0.165003,0.511920,0.066824,0.122556,0.133697,0.781392,0.647143,пористый,seal_hydromica_clay,гидрослюдистая тяжелая глина
1704.5800,2,0.210364,0.309651,0.114520,0.229222,0.136242,0.602039,0.666844,пористый,seal_mixed_argillite,каолинит-гидрослюдистая легкая глина
1704.7800,2,0.114123,0.330495,0.118255,0.247551,0.189576,0.548624,0.676729,высокопористый,seal_hydromica_argillite,гидрослюдистая легкая глина
1704.9800,2,0.046260,0.325028,0.119939,0.273137,0.235636,0.485748,0.694871,высокопористый,seal_hydromica_argillite,гидрослюдистая легкая глина
1705.1800,2,0.044874,0.235653,0.134816,0.332657,0.252000,0.375036,0.711607,высокопористый,seal_hydromica_argillite,гидрослюдистая легкая глина
1705.3800,2,0.022058,0.242501,0.127038,0.343676,0.264727,0.359810,0.730116,высокопористый,seal_hydromica_argillite,гидрослюдистая легкая глина
1705.5800,2,0.040201,0.260662,0.109166,0.338578,0.251394,0.401897,0.756186,высокопористый,seal_hydromica_argillite,гидрослюдистая легкая глина
1705.7800,2,0.074763,0.235886,0.110462,0.342889,0.236000,0.406609,0.756344,высокопористый,seal_hydromica_argillite,гидрослюдистая легкая глина
1705.9800,2,0.101667,0.263185,0.093344,0.314107,0.227697,0.472421,0.770908,высокопористый,seal_hydromica_argillite,гидрослюдистая легкая глина
1706.1800,2,0.103626,0.359344,0.054387,0.263007,0.219636,0.593275,0.828646,высокопористый,seal_hydromica_argillite,гидрослюдистая легкая глина
1706.3800,2,0.111075,0.379509,0.049760,0.250746,0.208909,0.620137,0.834412,высокопористый,seal_hydromica_argillite,гидрослюдистая легкая глина
1706.5800,2,0.112768,0.371525,0.061159,0.250123,0.204424,0.608732,0.803524,высокопористый,seal_hydromica_argillite,гидрослюдистая легкая глина
1706.7800,2,0.079267,0.392420,0.064003,0.243643,0.220667,0.605244,0.791959,высокопористый,seal_hydromica_argillite,гидрослюдистая легкая глина
1706.9800,2,0.045270,0.393128,0.060312,0.262077,0.239212,0.576243,0.812922,высокопористый,seal_hydromica_argillite,гидрослюдистая легкая глина
1707.1800,2,0.052365,0.343065,0.057800,0.308467,0.238303,0.519143,0.842191,высокопористый,seal_hydromica_argillite,гидрослюдистая легкая глина
1707.3800,2,0.082917,0.338580,0.051027,0.305780,0.221697,0.541559,0.856991,высокопористый,seal_hydromica_argillite,гидрослюдистая легкая глина
1707.5800,2,0.079761,0.395489,0.036174,0.273303,0.215273,0.605625,0.883114,высокопористый,seal_hydromica_argillite,гидрослюдистая легкая глина
1707.7800,2,0.077654,0.417348,0.029493,0.267566,0.207939,0.624955,0.900718,высокопористый,seal_hydromica_argillite,гидрослюдистая легкая глина
1707.9800,2,0.059959,0.422442,0.038008,0.264197,0.215394,0.614832,0.874231,высокопористый,seal_hydromica_argillite,гидрослюдистая легкая глина
1708.1800,2,0.020969,0.441709,0.052394,0.249111,0.235818,0.605455,0.826226,высокопористый,seal_hydromica_argillite,гидрослюдистая легкая глина
1708.3800,2,0.015956,0.400194,0.069152,0.274092,0.240606,0.548003,0.798535,высокопористый,seal_hydromica_argillite,гидрослюдистая легкая глина
1708.5800,1,0.057194,0.034869,0.179178,0.480644,0.248115,0.122443,0.728445,высокопористый,sand_arkose_arenite,высокопористый аркозовый аренит
1708.7800,1,0.055427,0.033644,0.175958,0.479886,0.255086,0.119572,0.731707,высокопористый,sand_arkose_arenite,высокопористый аркозовый аренит
1708.9800,1,0.070083,0.024664,0.191981,0.478196,0.235075,0.123866,0.713537,высокопористый,sand_arkose_arenite,высокопористый аркозовый аренит
1709.1800,1,0.076117,0.009008,0.223042,0.464669,0.227164,0.110147,0.675675,высокопористый,sand_arkose_arenite,высокопористый аркозовый аренит
1709.3800,1,0.059749,0.007325,0.224810,0.468186,0.239931,0.088246,0.675597,высокопористый,sand_arkose_arenite,высокопористый аркозовый аренит
1709.5800,1,0.056307,0.007991,0.213857,0.472549,0.249297,0.085650,0.688439,высокопористый,sand_arkose_arenite,высокопористый аркозовый аренит
1709.7800,1,0.050843,0.009054,0.211118,0.472304,0.256681,0.080580,0.691087,высокопористый,sand_arkose_arenite,высокопористый аркозовый аренит
1709.9800,1,0.050579,0.009562,0.205417,0.481069,0.253373,0.080551,0.700771,высокопористый,sand_arkose_arenite,высокопористый аркозовый аренит
1710.1800,1,0.073066,0.006570,0.194919,0.485369,0.240076,0.104794,0.713475,высокопористый,sand_arkose_arenite,высокопористый аркозовый аренит
1710.3800,1,0.080097,0.007096,0.189338,0.479125,0.244344,0.115387,0.716756,высокопористый,sand_arkose_arenite,высокопористый аркозовый аренит
1710.5800,1,0.090669,0.008745,0.187845,0.480802,0.231939,0.129435,0.719067,высокопористый,sand_arkose_arenite,высокопористый аркозовый аренит
1710.7800,1,0.111233,0.005658,0.189815,0.478232,0.215062,0.148917,0.715866,высокопористый,sand_arkose_arenite,высокопористый аркозовый аренит
1710.9800,1,0.122218,0.008255,0.187041,0.469904,0.212582,0.165697,0.715286,высокопористый,sand_arkose_wacke,высокопористый аркозовый песчаник
1711.1800,1,0.134426,0.015585,0.183571,0.472753,0.193665,0.186041,0.720305,высокопористый,sand_arkose_wacke,высокопористый аркозовый песчаник
1711.3800,1,0.109410,0.020966,0.179847,0.483911,0.205865,0.164174,0.729047,высокопористый,sand_arkose_wacke,высокопористый аркозовый песчаник
1711.5800,1,0.066567,0.025365,0.173366,0.487836,0.246866,0.122066,0.737802,высокопористый,sand_arkose_arenite,высокопористый аркозовый аренит
1711.7800,1,0.057165,0.027028,0.169916,0.475671,0.270220,0.115368,0.736804,высокопористый,sand_arkose_arenite,высокопористый аркозовый аренит
1711.9800,1,0.040925,0.024203,0.168988,0.480590,0.285295,0.091125,0.739850,высокопористый,sand_arkose_arenite,высокопористый аркозовый аренит
1712.1800,1,0.018794,0.018762,0.164937,0.494233,0.303273,0.053904,0.749781,высокопористый,sand_arkose_arenite,высокопористый аркозовый аренит
1712.3800,1,0.007369,0.012414,0.176715,0.486598,0.316905,0.028960,0.733587,высокопористый,sand_arkose_arenite,высокопористый аркозовый аренит
1712.5800,1,0.000000,0.003169,0.204376,0.482535,0.309920,0.004593,0.702471,высокопористый,sand_arkose_arenite,высокопористый аркозовый аренит
1712.7800,1,0.035259,0.000000,0.212282,0.488903,0.263556,0.047877,0.697252,высокопористый,sand_arkose_arenite,высокопористый аркозовый аренит
1712.9800,1,0.072018,0.000000,0.236138,0.467417,0.224426,0.092858,0.664364,высокопористый,sand_arkose_arenite,высокопористый аркозовый аренит
1713.1800,1,0.073886,0.002027,0.280639,0.427229,0.216219,0.096855,0.603543,высокопористый,sand_arkose_arenite,высокопористый аркозовый аренит
1713.3800,1,0.063744,0.009188,0.280986,0.425091,0.220991,0.093621,0.602046,высокопористый,sand_arkose_arenite,высокопористый аркозовый аренит
1713.5800,1,0.059677,0.015536,0.259602,0.437220,0.227965,0.097421,0.627449,высокопористый,sand_arkose_arenite,высокопористый аркозовый аренит
1713.7800,1,0.039250,0.019831,0.251961,0.443148,0.245810,0.078337,0.637523,высокопористый,sand_arkose_arenite,высокопористый аркозовый аренит
1713.9800,1,0.032093,0.020338,0.245375,0.453996,0.248198,0.069741,0.649149,высокопористый,sand_arkose_arenite,высокопористый аркозовый аренит
1714.1800,1,0.047931,0.018167,0.236501,0.465369,0.232032,0.086068,0.663042,высокопористый,sand_arkose_arenite,высокопористый аркозовый аренит
1714.3800,1,0.053186,0.013029,0.231880,0.474848,0.227056,0.085666,0.671896,высокопористый,sand_arkose_arenite,высокопористый аркозовый аренит
1714.5800,1,0.033159,0.007306,0.225524,0.490566,0.243445,0.053486,0.685062,высокопористый,sand_arkose_arenite,высокопористый аркозовый аренит
1714.7800,1,0.014617,0.006367,0.223205,0.495745,0.260066,0.028360,0.689540,высокопористый,sand_arkose_arenite,высокопористый аркозовый аренит
1714.9800,1,0.020822,0.009863,0.220480,0.490357,0.258478,0.041381,0.689831,высокопористый,sand_arkose_arenite,высокопористый аркозовый аренит
1715.1800,1,0.018098,0.017504,0.216155,0.494365,0.253879,0.047716,0.695780,высокопористый,sand_arkose_arenite,высокопористый аркозовый аренит
1715.3800,1,0.001979,0.030874,0.212696,0.499197,0.255255,0.044113,0.701225,высокопористый,sand_arkose_arenite,высокопористый аркозовый аренит
1715.5800,1,0.011533,0.046800,0.208702,0.481605,0.251360,0.077919,0.697668,высокопористый,sand_arkose_arenite,высокопористый аркозовый аренит
1715.7800,1,0.013715,0.052425,0.207528,0.459971,0.266360,0.090154,0.689096,высокопористый,sand_arkose_arenite,высокопористый аркозовый аренит
1715.9800,1,0.000039,0.047038,0.195783,0.466860,0.290281,0.066331,0.704542,высокопористый,sand_arkose_arenite,высокопористый аркозовый аренит
1716.1800,1,0.000000,0.034041,0.174445,0.491350,0.300165,0.048642,0.737990,высокопористый,sand_arkose_arenite,высокопористый аркозовый аренит
1716.3800,1,0.000000,0.031929,0.168363,0.496988,0.302721,0.045791,0.746956,высокопористый,sand_arkose_arenite,высокопористый аркозовый аренит
1716.5800,1,0.000000,0.031355,0.176172,0.506360,0.286113,0.043922,0.741885,высокопористый,sand_arkose_arenite,высокопористый аркозовый аренит
1716.7800,1,0.057160,0.020989,0.179712,0.489121,0.253018,0.104620,0.731305,высокопористый,sand_arkose_arenite,высокопористый аркозовый аренит
1716.9800,1,0.088480,0.027090,0.180628,0.445338,0.258465,0.155852,0.711441,высокопористый,sand_arkose_wacke,высокопористый аркозовый песчаник
1717.1800,1,0.115525,0.046754,0.179073,0.384381,0.274267,0.223607,0.682188,высокопористый,sand_arkose_wacke,высокопористый аркозовый песчаник
1717.3800,1,0.166662,0.037833,0.193261,0.340713,0.261531,0.276918,0.638071,высокопористый,sand_arkose_wacke,высокопористый аркозовый песчаник
1717.5800,1,0.236730,0.012994,0.228477,0.327775,0.194024,0.309840,0.589257,высокопористый,sand_arkose_wacke,высокопористый аркозовый песчаник
1717.7800,2,0.000000,0.577783,0.018764,0.266174,0.137279,0.669722,0.934147,пористый,seal_hydromica_argillite,гидрослюдистая легкая глина
1717.9800,2,0.032621,0.382024,0.087784,0.294540,0.203030,0.520278,0.770393,высокопористый,seal_hydromica_argillite,гидрослюдистая легкая глина
1718.1800,2,0.093235,0.402408,0.073243,0.267780,0.163333,0.592402,0.785225,пористый,seal_hydromica_argillite,гидрослюдистая легкая глина
1718.3800,2,0.134959,0.515310,0.022861,0.250567,0.076303,0.703986,0.916392,плотный,seal_hydromica_clay,гидрослюдистая тяжелая глина
1718.5800,2,0.258755,0.354724,0.049415,0.253652,0.083455,0.669338,0.836951,пористый,seal_mixed_argillite,каолинит-гидрослюдистая легкая глина
1718.7800,2,0.336159,0.230285,0.081597,0.252323,0.099636,0.629128,0.755640,пористый,seal_mixed_argillite,каолинит-гидрослюдистая легкая глина
1718.9800,2,0.240872,0.297524,0.062624,0.295767,0.103212,0.600361,0.825263,пористый,seal_mixed_argillite,каолинит-гидрослюдистая легкая глина
1719.1800,2,0.091088,0.316268,0.061331,0.393859,0.137455,0.472271,0.865264,пористый,seal_hydromica_argillite,гидрослюдистая легкая глина
1719.3800,2,0.096326,0.154647,0.107942,0.451024,0.190061,0.309867,0.806891,высокопористый,seal_silty_argillite,песчанистая легкая глина
1719.5800,2,0.084092,0.112884,0.114678,0.488528,0.199818,0.246164,0.809886,высокопористый,seal_silty_argillite,песчанистая легкая глина
1719.7800,2,0.023848,0.257640,0.071100,0.483836,0.163576,0.336538,0.871877,пористый,seal_hydromica_argillite,гидрослюдистая легкая глина
1719.9800,2,0.002553,0.333730,0.038715,0.473608,0.151394,0.396277,0.924433,пористый,seal_hydromica_argillite,гидрослюдистая легкая глина
1720.1800,2,0.019619,0.295520,0.034357,0.481110,0.169394,0.379409,0.933348,пористый,seal_hydromica_argillite,гидрослюдистая легкая глина
1720.3800,2,0.092690,0.211744,0.048527,0.456797,0.190242,0.375957,0.903969,высокопористый,seal_hydromica_argillite,гидрослюдистая легкая глина
